Board,Specialty,Subspecialty
American Board of Allergy and Immunology,Allergy and Immunology,No Subspecialties
American Board of Anesthesiology,Anesthesiology,Adult Cardiac Anesthesiology
American Board of Anesthesiology,Anesthesiology,Critical Care Medicine
American Board of Anesthesiology,Anesthesiology,"Health Care Administration, Leadership, and Management*"
American Board of Anesthesiology,Anesthesiology,Hospice and Palliative Medicine
American Board of Anesthesiology,Anesthesiology,Neurocritical Care
American Board of Anesthesiology,Anesthesiology,Pain Medicine
American Board of Anesthesiology,Anesthesiology,Pediatric Anesthesiology
American Board of Anesthesiology,Anesthesiology,Sleep Medicine
American Board of Colon and Rectal Surgery,Colon and Rectal Surgery,No Subspecialties
American Board of Dermatology,Dermatology,Dermatopathology
American Board of Dermatology,Dermatology,Micrographic Dermatologic Surgery
American Board of Dermatology,Dermatology,Pediatric Dermatology
American Board of Emergency Medicine,Emergency Medicine,Anesthesiology Critical Care Medicine
American Board of Emergency Medicine,Emergency Medicine,Emergency Medical Services
American Board of Emergency Medicine,Emergency Medicine,"Health Care Administration, Leadership, and Management*"
American Board of Emergency Medicine,Emergency Medicine,Hospice and Palliative Medicine
American Board of Emergency Medicine,Emergency Medicine,Internal Medicine-Critical Care Medicine
American Board of Emergency Medicine,Emergency Medicine,Medical Toxicology
American Board of Emergency Medicine,Emergency Medicine,Neurocritical Care
American Board of Emergency Medicine,Emergency Medicine,Pain Medicine
American Board of Emergency Medicine,Emergency Medicine,Pediatric Emergency Medicine
American Board of Emergency Medicine,Emergency Medicine,Sports Medicine
American Board of Emergency Medicine,Emergency Medicine,Undersea and Hyperbaric Medicine
American Board of Family Medicine,Family Medicine,Adolescent Medicine
American Board of Family Medicine,Family Medicine,Geriatric Medicine
American Board of Family Medicine,Family Medicine,"Health Care Administration, Leadership, and Management*"
American Board of Family Medicine,Family Medicine,Hospice and Palliative Medicine
American Board of Family Medicine,Family Medicine,Pain Medicine
American Board of Family Medicine,Family Medicine,Sleep Medicine
American Board of Family Medicine,Family Medicine,Sports Medicine
American Board of Internal Medicine,Internal Medicine,Adolescent Medicine
American Board of Internal Medicine,Internal Medicine,Adult Congenital Heart Disease
American Board of Internal Medicine,Internal Medicine,Advanced Heart Failure and Transplant Cardiology
American Board of Internal Medicine,Internal Medicine,Cardiovascular Disease
American Board of Internal Medicine,Internal Medicine,Clinical Cardiac Electrophysiology
American Board of Internal Medicine,Internal Medicine,Critical Care Medicine
American Board of Internal Medicine,Internal Medicine,"Endocrinology, Diabetes and Metabolism"
American Board of Internal Medicine,Internal Medicine,Gastroenterology
American Board of Internal Medicine,Internal Medicine,Geriatric Medicine
American Board of Internal Medicine,Internal Medicine,Hematology
American Board of Internal Medicine,Internal Medicine,Hospice and Palliative Medicine
American Board of Internal Medicine,Internal Medicine,Infectious Disease
American Board of Internal Medicine,Internal Medicine,Interventional Cardiology
American Board of Internal Medicine,Internal Medicine,Medical Oncology
American Board of Internal Medicine,Internal Medicine,Nephrology
American Board of Internal Medicine,Internal Medicine,Neurocritical Care
American Board of Internal Medicine,Internal Medicine,Pulmonary Disease
American Board of Internal Medicine,Internal Medicine,Rheumatology
American Board of Internal Medicine,Internal Medicine,Sleep Medicine
American Board of Internal Medicine,Internal Medicine,Sports Medicine
American Board of Internal Medicine,Internal Medicine,Transplant Hepatology
